{"cameraMode":{"drawMode":0,"name":"Shaded","section":"Shading Mode"},"sceneLighting":true,"audioPlay":false,"sceneViewState":{"m_AlwaysRefresh":false,"showFog":true,"showSkybox":true,"showFlares":true,"showImageEffects":true,"showParticleSystems":true,"showVisualEffectGraphs":true,"m_FxEnabled":true},"in2DMode":false,"pivot":{"x":-151.20877075195313,"y":-23.995563507080079,"z":-7.605249404907227},"rotation":{"x":-0.5158457159996033,"y":-0.05204799026250839,"z":0.03132070600986481,"w":-0.8547311425209045},"size":212.74325561523438,"orthographic":true}