{"cameraMode":{"drawMode":0,"name":"Shaded","section":"Shading Mode"},"sceneLighting":false,"audioPlay":false,"sceneViewState":{"m_AlwaysRefresh":false,"showFog":true,"showSkybox":false,"showFlares":true,"showImageEffects":true,"showParticleSystems":true,"showVisualEffectGraphs":true,"m_FxEnabled":true},"in2DMode":false,"pivot":{"x":-6.438221454620361,"y":0.5572187900543213,"z":3.3297839164733888},"rotation":{"x":0.12848499417304994,"y":-0.30185845494270327,"z":0.04110093042254448,"w":0.9437741637229919},"size":5.641061782836914,"orthographic":false}