{"cameraMode":{"drawMode":0,"name":"Shaded","section":"Shading Mode"},"sceneLighting":false,"audioPlay":false,"sceneViewState":{"m_AlwaysRefresh":false,"showFog":true,"showSkybox":false,"showFlares":true,"showImageEffects":true,"showParticleSystems":true,"showVisualEffectGraphs":true,"m_FxEnabled":true},"in2DMode":false,"pivot":{"x":0.021656036376953126,"y":2.4335103034973146,"z":0.2537904977798462},"rotation":{"x":0.0014050391037017108,"y":-0.9981622099876404,"z":0.05096252262592316,"w":0.035335853695869449},"size":3.503427028656006,"orthographic":true}